x,y,z,trajectory,cluster
2.0703,48.9993,1051.56,0,0
2.0948,49.0007,1051.56,0,0
2.1073,49.0014,1051.56,0,0
2.1202,49.0022,1051.56,0,0
2.1322,49.0029,1051.56,0,0
2.1457,49.0036,1051.56,0,0
2.1584,49.0044,1051.56,0,0
2.1584,49.0044,1051.56,0,0
2.1822,49.0058,1051.56,0,0
2.2084,49.0072,1059.18,0,0
2.2228,49.008,1051.56,0,0
2.2338,49.0087,1043.94,0,0
2.2467,49.0094,1043.94,0,0
2.2592,49.0101,1013.46,0,0
2.2723,49.0108,960.12,0,0
2.2846,49.0115,914.4,0,0
2.2968,49.0122,868.68,0,0
2.3211,49.0135,769.62,0,0
2.3334,49.0142,716.28,0,0
2.3451,49.0149,670.56,0,0
2.3567,49.0155,632.46,0,0
2.3679,49.0162,586.74,0,0
2.3795,49.0168,541.02,0,0
2.391,49.0174,495.3,0,0
2.4022,49.018,449.58,0,0
2.424,49.0192,365.76,0,0
2.436,49.0199,312.42,0,0
2.4466,49.0205,274.32,0,0
2.4572,49.021,228.6,0,0
2.4666,49.0216,190.5,0,0
2.4764,49.0221,152.4,0,0
2.4764,49.0221,152.4,0,0
2.4898,49.0228,106.68,0,0
2.5029,49.0236,53.34,0,0
2.5248,49.0247,-38.1,0,0
2.5248,49.0247,-38.1,0,0
2.5346,49.0253,-53.34,0,0
2.5346,49.0253,-53.34,0,0
2.5487,49.026,0,0,0
2.5487,49.026,0,0,0
2.5487,49.026,0,0,0
2.5487,49.026,0,0,0
2.5487,49.026,0,0,0
2.5487,49.026,0,0,0
2.5487,49.026,0,0,0
2.5548,49.0251,0,0,0
2.5548,49.0251,0,0,0
2.5548,49.0251,0,0,0
2.5548,49.0251,0,0,0
2.5565,49.0213,0,0,0
2.5565,49.0213,0,0,0
2.5565,49.0213,0,0,0
2.5565,49.0213,0,0,0
2.5565,49.0213,0,0,0
2.5565,49.0213,0,0,0
2.5565,49.0213,0,0,0
2.5565,49.0213,0,0,0
2.5565,49.0213,0,0,0
2.5565,49.0213,0,0,0
2.5565,49.0213,0,0,0
2.5565,49.0213,0,0,0
2.5565,49.0213,0,0,0
2.5566,49.02,-53.34,0,0
2.5566,49.02,-53.34,0,0
2.5566,49.02,-53.34,0,0
2.5566,49.02,-53.34,0,0
2.5566,49.02,-53.34,0,0
2.5566,49.02,-53.34,0,0
2.5566,49.02,-53.34,0,0
2.5566,49.02,-53.34,0,0
2.5566,49.02,-53.34,0,0
2.5566,49.02,-53.34,0,0
2.5566,49.02,-53.34,0,0
2.5566,49.02,-53.34,0,0
2.5566,49.02,-53.34,0,0
2.5566,49.02,-53.34,0,0
2.5566,49.02,-53.34,0,0
2.5566,49.02,-53.34,0,0
2.5566,49.02,-53.34,0,0
2.5566,49.02,-53.34,0,0
2.5566,49.02,-53.34,0,0
2.5566,49.02,-53.34,0,0
2.5566,49.02,-53.34,0,0
2.5566,49.02,-53.34,0,0
2.5566,49.02,-53.34,0,0
2.5566,49.02,-53.34,0,0
2.5566,49.02,-53.34,0,0
2.5566,49.02,-53.34,0,0
2.5566,49.02,-53.34,0,0
2.5566,49.02,-53.34,0,0
2.5566,49.02,-53.34,0,0
2.5566,49.02,-53.34,0,0
2.5566,49.02,-53.34,0,0
2.5566,49.02,-53.34,0,0
2.5566,49.02,-53.34,0,0
2.5566,49.02,-53.34,0,0
2.8888,48.9282,8839.2,1,1
2.8888,48.9282,8839.2,1,1
2.8888,48.9282,8839.2,1,1
2.8888,48.9282,8839.2,1,1
2.8888,48.9282,8839.2,1,1
2.8888,48.9282,1684.02,1,1
2.8128,49.132,9753.6,2,1
2.8128,49.132,9753.6,2,1
2.8128,49.132,9753.6,2,1
2.7678,49.1818,9761.22,2,1
2.7678,49.1818,9761.22,2,1
2.7678,49.1818,9761.22,2,1
2.7678,49.1818,9761.22,2,1
2.7678,49.1818,9761.22,2,1
2.7678,49.1818,9761.22,2,1
2.7678,49.1818,9761.22,2,1
2.7678,49.1818,9761.22,2,1
2.7678,49.1818,9761.22,2,1
2.7678,49.1818,9761.22,2,1
2.7678,49.1818,9761.22,2,1
2.7678,49.1818,9761.22,2,1
2.8377,49.1825,10668,3,1
2.8284,49.1625,10668,3,1
2.8194,49.143,10668,3,1
2.8011,49.1036,10668,3,1
2.7913,49.0827,10668,3,1
2.7825,49.0636,10668,3,1
2.7727,49.0425,10668,3,1
2.764,49.0238,10668,3,1
2.7546,49.0034,10668,3,1
2.7462,48.9853,10668,3,1
2.7276,48.9453,10668,3,1
2.7181,48.9245,10668,3,1
2.7087,48.9041,10668,3,1
2.7,48.8851,10668,3,1
2.6913,48.8663,10668,3,1
2.6816,48.8451,10668,3,1
2.6728,48.8259,10668,3,1
2.2072,48.9732,1371.6,4,2
2.2072,48.9732,1371.6,4,2
2.2072,48.9732,1371.6,4,2
2.2072,48.9732,1371.6,4,2
2.2072,48.9732,1371.6,4,2
2.2072,48.9732,1371.6,4,2
2.2072,48.9732,1371.6,4,2
2.2072,48.9732,1371.6,4,2
2.2072,48.9732,1371.6,4,2
2.3736,48.9825,693.42,4,2
2.385,48.9831,655.32,4,2
2.4056,48.9843,563.88,4,2
2.4173,48.9849,518.16,4,2
2.4262,48.9854,487.68,4,2
2.4381,48.986,441.96,4,2
2.4476,48.9865,403.86,4,2
2.4587,48.9872,358.14,4,2
2.4682,48.9877,320.04,4,2
2.4786,48.9882,281.94,4,2
2.4977,48.9893,205.74,4,2
2.5079,48.9898,167.64,4,2
2.5181,48.9904,121.92,4,2
2.5263,48.9908,91.44,4,2
2.5369,48.9914,53.34,4,2
2.5369,48.9914,38.1,4,2
2.5369,48.9914,38.1,4,2
2.5369,48.9914,-45.72,4,2
2.5369,48.9914,-45.72,4,2
2.5369,48.9914,-45.72,4,2
2.5369,48.9914,-45.72,4,2
2.5369,48.9914,-45.72,4,2
2.5369,48.9914,-45.72,4,2
2.5369,48.9914,-45.72,4,2
2.5369,48.9914,-45.72,4,2
2.5369,48.9914,-45.72,4,2
2.5369,48.9914,-45.72,4,2
2.5369,48.9914,-45.72,4,2
2.5369,48.9914,-45.72,4,2
2.5369,48.9914,-45.72,4,2
2.5369,48.9914,-45.72,4,2
2.5369,48.9914,-45.72,4,2
2.5369,48.9914,-45.72,4,2
2.5369,48.9914,-45.72,4,2
2.069,48.9386,-68.58,5,2
2.079,48.9427,1356.36,5,2
2.0911,48.9477,1356.36,5,2
2.1001,48.9514,1356.36,5,2
2.1105,48.9557,1348.74,5,2
2.1199,48.9595,1348.74,5,2
2.1199,48.9595,1348.74,5,2
2.1335,48.9648,1356.36,5,2
2.1561,48.9699,1356.36,5,2
2.1675,48.9709,1356.36,5,2
2.179,48.9716,1348.74,5,2
2.1877,48.9721,1348.74,5,2
2.1994,48.9727,1356.36,5,2
2.2087,48.9732,1348.74,5,2
2.2187,48.9738,1318.26,5,2
2.2256,48.9742,1287.78,5,2
2.2337,48.9747,1257.3,5,2
2.2449,48.9753,1196.34,5,2
2.2566,48.9759,1158.24,5,2
2.5793,48.9999,1120.14,5,2
2.2736,48.9769,1089.66,5,2
2.5776,48.9999,0,5,2
2.5774,49,0,5,2
2.3037,48.9786,975.36,5,2
2.5777,49.0006,929.64,5,2
2.5781,49.0006,891.54,5,2
2.5786,49.0007,0,5,2
2.3453,48.9809,807.72,5,2
2.3551,48.9814,769.62,5,2
2.3647,48.982,731.52,5,2
2.3647,48.982,731.52,5,2
2.3721,48.9824,701.04,5,2
2.5802,49.0008,0,5,2
2.5803,49.0008,670.56,5,2
2.5803,49.0008,670.56,5,2
2.4436,48.9863,426.72,5,2
2.4436,48.9863,426.72,5,2
2.4436,48.9863,426.72,5,2
2.4436,48.9863,426.72,5,2
2.4436,48.9863,426.72,5,2
2.4436,48.9863,426.72,5,2
2.4436,48.9863,426.72,5,2
2.4436,48.9863,426.72,5,2
2.4436,48.9863,426.72,5,2
2.4436,48.9863,426.72,5,2
2.4436,48.9863,426.72,5,2
2.4436,48.9863,426.72,5,2
2.4436,48.9863,426.72,5,2
2.4436,48.9863,426.72,5,2
2.4436,48.9863,426.72,5,2
2.4436,48.9863,426.72,5,2
2.4436,48.9863,426.72,5,2
2.4436,48.9863,426.72,5,2
2.4436,48.9863,426.72,5,2
2.4436,48.9863,426.72,5,2
2.4436,48.9863,426.72,5,2
2.4436,48.9863,426.72,5,2
2.4436,48.9863,426.72,5,2
2.4436,48.9863,426.72,5,2
2.4436,48.9863,426.72,5,2
2.0606,48.9648,1356.36,6,2
2.0722,48.9655,1356.36,6,2
2.0835,48.9661,1356.36,6,2
2.0934,48.9666,1356.36,6,2
2.0934,48.9666,1356.36,6,2
2.1104,48.9676,1356.36,6,2
2.1259,48.9685,1348.74,6,2
2.1512,48.97,1356.36,6,2
2.1512,48.97,1356.36,6,2
2.1657,48.9709,1356.36,6,2
2.1657,48.9709,1356.36,6,2
2.1807,48.9717,1356.36,6,2
2.2043,48.973,1348.74,6,2
2.2043,48.973,1348.74,6,2
2.2043,48.973,1348.74,6,2
2.2043,48.973,1348.74,6,2
2.2043,48.973,1348.74,6,2
2.2043,48.973,1348.74,6,2
2.2704,48.9768,1112.52,6,2
2.2704,48.9768,1112.52,6,2
2.2704,48.9768,1112.52,6,2
2.2704,48.9768,1112.52,6,2
2.3301,48.9801,868.68,6,2
2.3301,48.9801,868.68,6,2
2.3301,48.9801,868.68,6,2
2.3301,48.9801,868.68,6,2
2.3301,48.9801,868.68,6,2
2.3301,48.9801,868.68,6,2
2.3301,48.9801,868.68,6,2
2.3301,48.9801,868.68,6,2
2.3301,48.9801,868.68,6,2
2.3301,48.9801,868.68,6,2
2.3301,48.9801,868.68,6,2
2.3301,48.9801,868.68,6,2
2.3301,48.9801,868.68,6,2
2.4447,48.9864,449.58,6,2
2.4447,48.9864,449.58,6,2
2.4447,48.9864,449.58,6,2
2.4447,48.9864,449.58,6,2
2.4447,48.9864,449.58,6,2
2.4447,48.9864,449.58,6,2
2.4447,48.9864,449.58,6,2
2.4447,48.9864,449.58,6,2
2.4447,48.9864,449.58,6,2
2.4447,48.9864,449.58,6,2
2.4447,48.9864,449.58,6,2
2.4447,48.9864,449.58,6,2
2.4447,48.9864,449.58,6,2
2.4447,48.9864,449.58,6,2
2.4447,48.9864,449.58,6,2
2.4447,48.9864,449.58,6,2
2.4447,48.9864,449.58,6,2
2.4447,48.9864,449.58,6,2
2.4447,48.9864,449.58,6,2
2.4447,48.9864,449.58,6,2
2.4447,48.9864,449.58,6,2
2.4447,48.9864,449.58,6,2
2.4447,48.9864,449.58,6,2
2.4447,48.9864,449.58,6,2
2.4447,48.9864,449.58,6,2
2.4447,48.9864,449.58,6,2
2.4447,48.9864,449.58,6,2
2.4447,48.9864,449.58,6,2
2.4447,48.9864,449.58,6,2
2.4447,48.9864,449.58,6,2
2.4447,48.9864,449.58,6,2
2.4447,48.9864,449.58,6,2
2.4447,48.9864,449.58,6,2
2.4447,48.9864,449.58,6,2
2.6,49.0004,0,6,2
2.6,49.0004,0,6,2
2.6,49.0004,0,6,2
2.6,49.0004,0,6,2
2.6,49.0004,0,6,2
2.6,49.0004,0,6,2
2.6,49.0004,0,6,2
2.6,49.0004,0,6,2
2.6,49.0004,0,6,2
2.6,49.0004,0,6,2
2.6,49.0004,0,6,2
2.6,49.0004,0,6,2
2.6,49.0004,0,6,2
2.6,49.0004,0,6,2
2.6,49.0004,0,6,2
2.6,49.0004,0,6,2
2.6,49.0004,0,6,2
2.6,49.0004,0,6,2
2.6,49.0004,0,6,2
2.6,49.0004,0,6,2
2.6,49.0004,0,6,2
2.6,49.0004,0,6,2
2.6,49.0004,0,6,2
2.6,49.0004,0,6,2
2.1836,48.9718,1356.36,7,2
2.195,48.9724,1356.36,7,2
2.2177,48.9737,1333.5,7,2
2.2296,48.9744,1280.16,7,2
2.2406,48.975,1234.44,7,2
2.2526,48.9757,1181.1,7,2
2.2635,48.9763,1135.38,7,2
2.2757,48.977,1089.66,7,2
2.2868,48.9776,1043.94,7,2
2.298,48.9782,998.22,7,2
2.3199,48.9795,906.78,7,2
2.3282,48.98,868.68,7,2
2.3425,48.9808,822.96,7,2
2.3529,48.9813,784.86,7,2
2.3645,48.982,739.14,7,2
2.3754,48.9825,693.42,7,2
2.3876,48.9832,647.7,7,2
2.3983,48.9838,609.6,7,2
2.4093,48.9844,563.88,7,2
2.4327,48.9857,464.82,7,2
2.4445,48.9864,419.1,7,2
2.4545,48.9869,381,7,2
2.4657,48.9875,335.28,7,2
2.4752,48.988,304.8,7,2
2.4852,48.9885,259.08,7,2
2.4944,48.9891,228.6,7,2
2.5143,48.9901,144.78,7,2
2.5245,48.9907,106.68,7,2
2.5328,48.9911,76.2,7,2
2.5431,48.9917,38.1,7,2
2.5465,48.9919,7.62,7,2
2.5465,48.9919,-15.24,7,2
2.5378,48.9914,53.34,7,2
2.5378,48.9914,53.34,7,2
2.44,48.9153,3246.12,8,3
2.4208,48.9141,3185.16,8,3
2.3815,48.9111,3055.62,8,3
2.3621,48.9096,2979.42,8,3
2.3426,48.9081,2895.6,8,3
2.3225,48.9065,2827.02,8,3
2.3062,48.9053,2788.92,8,3
2.2843,48.9036,2735.58,8,3
2.2659,48.9023,2674.62,8,3
2.2458,48.9008,2628.9,8,3
2.2088,48.8981,2567.94,8,3
2.189,48.8966,2537.46,8,3
2.1689,48.8951,2514.6,8,3
2.1502,48.8937,2484.12,8,3
2.1313,48.8923,2461.26,8,3
2.112,48.8908,2438.4,8,3
2.0937,48.8894,2438.4,8,3
2.0774,48.8893,2430.78,8,3
2.0611,48.8929,2400.3,8,3
2.0643,48.9431,1996.44,8,3
2.0764,48.9486,1927.86,8,3
2.0891,48.9541,1851.66,8,3
2.1131,48.964,1691.64,8,3
2.1287,48.9677,1600.2,8,3
2.1414,48.9692,1569.72,8,3
2.1569,48.9703,1531.62,8,3
2.1671,48.9707,1493.52,8,3
2.1825,48.9716,1470.66,8,3
2.1953,48.9723,1440.18,8,3
2.2086,48.9732,1386.84,8,3
2.5564,49.1814,3352.8,9,3
2.5367,49.1809,3352.8,9,3
2.4925,49.1797,3345.18,9,3
2.4727,49.1792,3314.7,9,3
2.4512,49.1787,3246.12,9,3
2.4278,49.1781,3162.3,9,3
2.4081,49.1776,3078.48,9,3
2.386,49.1771,2987.04,9,3
2.3655,49.1767,2910.84,9,3
2.344,49.1762,2827.02,9,3
2.3038,49.1728,2659.38,9,3
2.2849,49.1684,2575.56,9,3
2.2633,49.163,2468.88,9,3
2.2449,49.1586,2392.68,9,3
2.2244,49.1536,2293.62,9,3
2.2052,49.1489,2217.42,9,3
2.184,49.1439,2141.22,9,3
2.1666,49.1396,2072.64,9,3
2.1483,49.1353,2011.68,9,3
2.1111,49.1265,1851.66,9,3
2.0915,49.122,1744.98,9,3
2.0729,49.1176,1653.54,9,3
2.0682,49.0145,1089.66,9,3
2.5807,49.1839,3352.8,10,3
2.5619,49.1815,3352.8,10,3
2.5425,49.1804,3352.8,10,3
2.5224,49.18,3352.8,10,3
2.503,49.1795,3329.94,10,3
2.4631,49.1786,3200.4,10,3
2.4436,49.1782,3147.06,10,3
2.4243,49.1778,3093.72,10,3
2.4049,49.1775,3032.76,10,3
2.3857,49.177,2971.8,10,3
2.3666,49.1766,2895.6,10,3
2.3666,49.1766,2895.6,10,3
2.3395,49.1759,2811.78,10,3
2.3124,49.1753,2727.96,10,3
2.2702,49.1743,2606.04,10,3
2.2702,49.1743,2606.04,10,3
2.2444,49.1736,2506.98,10,3
2.2444,49.1736,2506.98,10,3
2.2056,49.1727,2369.82,10,3
2.1801,49.172,2293.62,10,3
2.1801,49.172,2293.62,10,3
2.1801,49.172,2293.62,10,3
2.1801,49.172,2293.62,10,3
2.1801,49.172,2293.62,10,3
2.1801,49.172,2293.62,10,3
2.0729,49.1662,2026.92,10,3
2.0729,49.1662,2026.92,10,3
2.0729,49.1662,2026.92,10,3
2.0729,49.1662,2026.92,10,3
2.4462,49.0204,6172.2,10,3
2.4462,49.0204,6172.2,10,3
2.4462,49.0204,6172.2,10,3
2.5564,49.0219,449.58,10,3
2.5564,49.0219,449.58,10,3
2.5564,49.0219,449.58,10,3
2.5564,49.0219,449.58,10,3
2.5564,49.0219,449.58,10,3
2.5564,49.0219,449.58,10,3
2.5564,49.0219,449.58,10,3
2.5564,49.0219,449.58,10,3
2.5564,49.0219,449.58,10,3
2.5814,49.1835,3352.8,11,3
2.5418,49.18,3352.8,11,3
2.5214,49.1799,3352.8,11,3
2.5016,49.1797,3352.8,11,3
2.4813,49.1793,3352.8,11,3
2.4629,49.1789,3352.8,11,3
2.4419,49.1784,3307.08,11,3
2.4234,49.178,3253.74,11,3
2.3835,49.177,3147.06,11,3
2.3635,49.1765,3093.72,11,3
2.3444,49.1761,3025.14,11,3
2.3257,49.1757,2918.46,11,3
2.3072,49.1753,2834.64,11,3
2.2855,49.1748,2743.2,11,3
2.268,49.1743,2644.14,11,3
2.2475,49.1738,2529.84,11,3
2.5918,48.9976,60.96,12,4
2.5552,49.0055,0,13,4
2.5552,49.0055,0,13,4
2.5552,49.0055,0,13,4
2.5552,49.0055,0,13,4
2.5552,49.0055,0,13,4
2.5552,49.0055,0,13,4
2.5552,49.0055,0,13,4
2.5552,49.0055,0,13,4
2.5552,49.0055,0,13,4
2.5552,49.0055,0,13,4
2.5552,49.0055,0,13,4
2.5552,49.0055,0,13,4
2.5552,49.0055,0,13,4
2.5552,49.0055,0,13,4
2.5552,49.0055,0,13,4
2.5552,49.0055,0,13,4
2.5552,49.0055,0,13,4
2.5552,49.0055,0,13,4
2.5552,49.0055,0,13,4
2.5552,49.0055,0,13,4
2.5552,49.0055,0,13,4
2.5552,49.0055,0,13,4
2.5552,49.0055,0,13,4
2.5552,49.0055,0,13,4
2.5552,49.0055,0,13,4
2.5552,49.0055,0,13,4
2.5708,49.0206,0,14,4
2.5826,49.0088,0,14,4
2.5826,49.0088,0,14,4
2.5638,48.9991,0,15,4
2.5638,48.9991,0,15,4
2.5638,48.9991,0,15,4
2.5638,48.9991,0,15,4
2.5638,48.9991,0,15,4
2.5638,48.9991,0,15,4
2.5638,48.9991,0,15,4
2.5638,48.9991,0,15,4
2.5638,48.9991,0,15,4
2.5516,49.0159,0,15,4
2.5516,49.0159,0,15,4
2.5516,49.0159,0,15,4
2.5516,49.0159,0,15,4
2.5516,49.0159,0,15,4
2.5516,49.0159,0,15,4
2.5516,49.0159,0,15,4
2.5516,49.0159,0,15,4
2.5516,49.0159,0,15,4
2.5516,49.0159,0,15,4
2.5516,49.0159,0,15,4
2.5516,49.0159,0,15,4
2.5516,49.0159,0,15,4
2.5516,49.0159,0,15,4
2.5516,49.0159,0,15,4
2.5516,49.0159,0,15,4
2.5516,49.0159,0,15,4
2.5516,49.0159,0,15,4
2.5516,49.0159,0,15,4
2.5516,49.0159,0,15,4
2.5516,49.0159,0,15,4
2.5516,49.0159,0,15,4
2.5516,49.0159,0,15,4
2.5516,49.0159,0,15,4
2.5516,49.0159,0,15,4
2.5516,49.0159,0,15,4
2.5516,49.0159,0,15,4
2.5843,49.002,-68.58,16,4
2.5843,49.002,0,16,4
2.5843,49.002,0,16,4
2.5843,49.002,-68.58,16,4
2.5843,49.002,0,16,4
2.5843,49.002,0,16,4
2.5843,49.0021,0,16,4
2.5843,49.0021,0,16,4
2.5843,49.002,0,16,4
2.5843,49.002,-68.58,16,4
2.5842,49.002,-68.58,16,4
2.5841,49.002,-68.58,16,4
2.5841,49.002,0,16,4
2.5843,49.002,0,16,4
2.5843,49.0021,0,16,4
2.5843,49.0021,0,16,4
2.5843,49.0021,0,16,4
2.5843,49.0021,0,16,4
2.5842,49.002,0,16,4
2.5842,49.0021,0,16,4
2.5842,49.002,0,16,4
2.5843,49.0021,0,16,4
2.5842,49.002,0,16,4
2.5841,49.002,0,16,4
2.5841,49.0019,0,16,4
2.5841,49.0019,0,16,4
2.5843,49.002,0,16,4
2.5843,49.002,0,16,4
2.5843,49.002,0,16,4
2.5842,49.002,0,16,4
2.5842,49.002,0,16,4
2.5842,49.002,0,16,4
2.5843,49.002,0,16,4
2.5843,49.002,0,16,4
2.5843,49.002,0,16,4
2.5843,49.002,0,16,4
2.5609,48.9961,0,17,4
2.6075,48.9984,68.58,17,4
2.5588,49.0076,0,18,4
2.5588,49.0076,0,18,4
2.5588,49.0076,0,18,4
2.5588,49.0076,0,18,4
2.596,49.0044,-68.58,19,4
2.596,49.0044,0,19,4
2.596,49.0044,0,19,4
2.596,49.0044,0,19,4
2.596,49.0044,0,19,4
2.596,49.0044,0,19,4
2.596,49.0044,0,19,4
2.596,49.0044,0,19,4
2.596,49.0044,0,19,4
2.596,49.0044,0,19,4
2.596,49.0044,0,19,4
2.596,49.0044,0,19,4
2.596,49.0044,0,19,4
2.596,49.0044,0,19,4
2.596,49.0044,0,19,4
2.596,49.0044,0,19,4
2.596,49.0044,0,19,4
2.596,49.0044,0,19,4
2.596,49.0044,0,19,4
2.596,49.0044,0,19,4
2.596,49.0044,0,19,4
2.596,49.0044,0,19,4
2.596,49.0044,0,19,4
2.596,49.0044,0,19,4
2.596,49.0044,0,19,4
2.596,49.0044,0,19,4
2.596,49.0044,0,19,4
2.596,49.0044,0,19,4
2.596,49.0044,0,19,4
2.5901,49.0027,0,20,4
2.5901,49.0027,0,20,4
2.5901,49.0027,0,20,4
2.5901,49.0027,0,20,4
2.5901,49.0027,0,20,4
2.5901,49.0027,0,20,4
2.5901,49.0027,0,20,4
2.5901,49.0027,0,20,4
2.5901,49.0027,0,20,4
2.5901,49.0027,0,20,4
2.5901,49.0027,0,20,4
2.5901,49.0027,0,20,4
2.5901,49.0027,0,20,4
2.5901,49.0027,0,20,4
2.5901,49.0027,0,20,4
2.5901,49.0027,0,20,4
2.5901,49.0027,0,20,4
2.5901,49.0027,0,20,4
2.5901,49.0027,0,20,4
2.5901,49.0027,0,20,4
2.5901,49.0027,0,20,4
2.5901,49.0027,0,20,4
2.5901,49.0027,0,20,4
2.5901,49.0027,0,20,4
2.5901,49.0027,0,20,4
2.5901,49.0027,0,20,4
2.5563,49.0225,-53.34,21,4
2.5564,49.0221,0,21,4
2.5564,49.0221,0,21,4
2.5564,49.0221,0,21,4
2.5564,49.0221,0,21,4
2.5564,49.0221,0,21,4
2.5564,49.0221,0,21,4
2.5564,49.0221,0,21,4
2.5564,49.0221,0,21,4
2.5564,49.0221,0,21,4
2.5564,49.0221,0,21,4
2.5564,49.0221,0,21,4
2.5564,49.0221,0,21,4
2.5564,49.0221,0,21,4
2.5564,49.0221,0,21,4
2.5564,49.0221,0,21,4
2.5564,49.0221,0,21,4
2.5564,49.0221,0,21,4
2.5564,49.0221,0,21,4
2.5564,49.0221,0,21,4
2.5564,49.0221,0,21,4
2.5564,49.0221,0,21,4
2.5564,49.0221,0,21,4
2.5564,49.0221,0,21,4
2.5564,49.0221,0,21,4
2.5564,49.0221,0,21,4
2.5564,49.0221,0,21,4
2.5564,49.0221,0,21,4
2.5564,49.0221,0,21,4
2.5968,48.9975,0,22,4
2.5968,48.9975,0,22,4
2.5968,48.9975,0,22,4
2.5968,48.9975,0,22,4
2.5968,48.9975,0,22,4
2.5968,48.9975,0,22,4
2.5968,48.9975,0,22,4
2.5968,48.9975,0,22,4
2.5968,48.9975,0,22,4
2.5941,49.0007,0,22,4
2.5941,49.0007,0,22,4
2.5941,49.0007,0,22,4
2.5941,49.0007,0,22,4
2.5941,49.0007,0,22,4
2.5941,49.0007,0,22,4
2.5941,49.0007,0,22,4
2.5941,49.0007,0,22,4
2.5941,49.0007,0,22,4
2.5941,49.0007,0,22,4
2.5941,49.0007,0,22,4
2.5941,49.0007,0,22,4
2.5941,49.0007,0,22,4
2.5941,49.0007,0,22,4
2.5941,49.0007,0,22,4
2.5941,49.0007,0,22,4
2.5941,49.0007,0,22,4
2.5941,49.0007,0,22,4
2.5941,49.0007,0,22,4
2.5941,49.0007,0,22,4
2.5941,49.0007,0,22,4
2.5941,49.0007,0,22,4
2.5941,49.0007,0,22,4
2.5941,49.0007,0,22,4
2.5941,49.0007,0,22,4
2.5514,49.0175,0,23,4
2.5514,49.0175,0,23,4
2.5514,49.0175,0,23,4
2.5514,49.0175,0,23,4
2.5514,49.0175,0,23,4
2.5514,49.0175,0,23,4
2.5514,49.0175,0,23,4
2.5514,49.0175,0,23,4
2.5514,49.0175,0,23,4
2.5514,49.0175,0,23,4
2.5514,49.0175,0,23,4
2.5514,49.0175,0,23,4
2.5514,49.0175,0,23,4
2.5514,49.0175,0,23,4
2.5514,49.0175,0,23,4
2.5514,49.0175,0,23,4
2.5514,49.0175,0,23,4
2.5514,49.0175,0,23,4
2.5514,49.0175,0,23,4
2.5514,49.0175,0,23,4
2.5514,49.0175,0,23,4
2.5514,49.0175,0,23,4
2.5514,49.0175,0,23,4
2.5514,49.0175,0,23,4
2.5525,49.0095,0,24,4
2.5522,49.01,0,24,4
2.5522,49.01,0,24,4
2.5522,49.01,0,24,4
2.5522,49.01,0,24,4
2.5522,49.01,0,24,4
2.5518,49.0148,0,24,4
2.5518,49.0148,0,24,4
2.5516,49.0156,0,24,4
2.5514,49.0172,0,24,4
2.5513,49.018,0,24,4
2.5513,49.018,0,24,4
2.5508,49.0186,0,24,4
2.5508,49.0186,0,24,4
2.5508,49.0186,0,24,4
2.5508,49.0186,0,24,4
2.5508,49.0186,0,24,4
2.5508,49.0186,0,24,4
2.5508,49.0186,0,24,4
2.5508,49.0186,0,24,4
2.5508,49.0186,0,24,4
2.5508,49.0186,0,24,4
2.5508,49.0186,0,24,4
2.5508,49.0186,0,24,4
2.5508,49.0186,0,24,4
2.5508,49.0186,0,24,4
2.5508,49.0186,0,24,4
2.5508,49.0186,0,24,4
2.5508,49.0186,0,24,4
2.5508,49.0186,0,24,4
2.5508,49.0186,0,24,4
2.5508,49.0186,0,24,4
2.5508,49.0186,0,24,4
2.5508,49.0186,0,24,4
2.4559,49.021,228.6,25,4
2.4761,49.0221,152.4,25,4
2.4859,49.0226,106.68,25,4
2.4946,49.0231,76.2,25,4
2.5058,49.0237,30.48,25,4
2.5157,49.0242,-7.62,25,4
2.524,49.0247,-45.72,25,4
2.524,49.0247,-45.72,25,4
2.524,49.0247,-83.82,25,4
2.5487,49.026,0,25,4
2.4386,49.0894,2903.22,25,4
2.4284,49.0924,2872.74,25,4
2.4042,49.0984,2788.92,25,4
2.4042,49.0984,2788.92,25,4
2.4042,49.0984,2788.92,25,4
2.3679,49.1001,2697.48,25,4
2.3462,49.0997,2621.28,25,4
2.5564,49.0221,0,25,4
2.5564,49.0216,-53.34,25,4
2.5564,49.0216,-53.34,25,4
2.5567,49.0199,0,25,4
2.5567,49.0194,0,25,4
2.5566,49.0191,0,25,4
2.5566,49.0191,-60.96,25,4
2.556,49.0189,0,25,4
2.1836,49.0992,2141.22,25,4
2.1736,49.0993,2110.74,25,4
2.1736,49.0993,-60.96,25,4
2.1349,49.0995,1988.82,25,4
2.1349,49.0995,1988.82,25,4
2.1349,49.0995,1988.82,25,4
2.1349,49.0995,1988.82,25,4
2.1349,49.0995,1988.82,25,4
2.1349,49.0995,1988.82,25,4
2.1349,49.0995,1988.82,25,4
2.1349,49.0995,1988.82,25,4
2.1349,49.0995,1988.82,25,4
2.1349,49.0995,1988.82,25,4
2.1349,49.0995,1988.82,25,4
2.5489,49.0156,0,25,4
2.5489,49.0156,0,25,4
2.5489,49.0156,0,25,4
2.5489,49.0156,0,25,4
2.5489,49.0156,0,25,4
2.5489,49.0156,0,25,4
2.5489,49.0156,0,25,4
2.5489,49.0156,0,25,4
2.5489,49.0156,0,25,4
2.5489,49.0156,0,25,4
2.5489,49.0156,0,25,4
2.5489,49.0156,0,25,4
2.5489,49.0156,0,25,4
2.5489,49.0156,0,25,4
2.5489,49.0156,0,25,4
2.5489,49.0156,0,25,4
2.5489,49.0156,0,25,4
2.5489,49.0156,0,25,4
2.5489,49.0156,0,25,4
2.5489,49.0156,0,25,4
2.5489,49.0156,0,25,4
2.5489,49.0156,0,25,4
2.5489,49.0156,0,25,4
2.5536,49.0038,0,25,4
2.5536,49.0038,0,25,4
2.5536,49.0038,0,25,4
2.5536,49.0038,0,25,4
2.5536,49.0038,0,25,4
2.5536,49.0038,0,25,4
2.5536,49.0038,0,25,4
2.5536,49.0038,0,25,4
2.5536,49.0038,0,25,4
2.5536,49.0038,0,25,4
2.5536,49.0038,0,25,4
2.5536,49.0038,0,25,4
2.5536,49.0038,0,25,4
2.5536,49.0038,0,25,4
2.5536,49.0038,0,25,4
2.5536,49.0038,0,25,4
2.5536,49.0038,0,25,4
2.5536,49.0038,0,25,4
2.5536,49.0038,0,25,4
2.5536,49.0038,0,25,4
2.5536,49.0038,0,25,4
2.5536,49.0038,0,25,4
2.5536,49.0038,0,25,4
2.5536,49.0038,0,25,4
2.5536,49.0038,0,25,4
2.5536,49.0038,0,25,4
2.5536,49.0038,0,25,4
2.5536,49.0038,0,25,4
2.5536,49.0038,0,25,4
2.5536,49.0038,0,25,4
2.5536,49.0038,0,25,4
2.5536,49.0038,0,25,4
2.5536,49.0038,0,25,4
2.5536,49.0038,0,25,4
2.5768,48.9998,0,26,4
2.5768,48.9998,0,26,4
2.5768,48.9998,0,26,4
2.5768,48.9998,0,26,4
2.5768,48.9998,0,26,4
2.5768,48.9998,0,26,4
2.5768,48.9998,0,26,4
2.5768,48.9998,0,26,4
2.5768,48.9998,0,26,4
2.5768,48.9998,0,26,4
2.5768,48.9998,0,26,4
2.5768,48.9998,0,26,4
2.5768,48.9998,0,26,4
2.5841,49.0033,0,27,4
2.5841,49.0033,0,27,4
2.5841,49.0033,0,27,4
2.5841,49.0033,0,27,4
2.5841,49.0033,0,27,4
2.5841,49.0033,0,27,4
2.5841,49.0033,0,27,4
2.5841,49.0033,0,27,4
2.5841,49.0033,0,27,4
2.5841,49.0033,0,27,4
2.5841,49.0033,0,27,4
2.5841,49.0033,0,27,4
2.5841,49.0033,0,27,4
2.5841,49.0033,0,27,4
2.5841,49.0033,0,27,4
2.5841,49.0033,0,27,4
2.5841,49.0033,0,27,4
2.5841,49.0033,0,27,4
2.5841,49.0033,0,27,4
2.5841,49.0033,0,27,4
2.5841,49.0033,0,27,4
2.5841,49.0033,0,27,4
2.5841,49.0033,0,27,4
2.5841,49.0033,0,27,4
2.5819,49,0,28,4
2.5819,49,0,28,4
2.5819,49,0,28,4
2.5819,49,0,28,4
2.5819,49,0,28,4
2.5819,49,0,28,4
2.5819,49,0,28,4
2.5819,49,0,28,4
2.5819,49,0,28,4
2.5699,48.9988,0,28,4
2.5699,48.9988,0,28,4
2.5699,48.9988,0,28,4
2.5699,48.9988,0,28,4
2.5699,48.9988,0,28,4
2.5699,48.9988,0,28,4
2.5699,48.9988,0,28,4
2.5699,48.9988,0,28,4
2.5699,48.9988,0,28,4
2.5699,48.9988,0,28,4
2.5699,48.9988,0,28,4
2.5699,48.9988,0,28,4
2.5699,48.9988,0,28,4
2.5699,48.9988,0,28,4
2.5699,48.9988,0,28,4
2.5699,48.9988,0,28,4
2.5699,48.9988,0,28,4
2.5699,48.9988,0,28,4
2.5699,48.9988,0,28,4
2.5699,48.9988,0,28,4
2.5699,48.9988,0,28,4
2.5699,48.9988,0,28,4
2.5699,48.9988,0,28,4
2.5699,48.9988,0,28,4
2.5699,48.9988,0,28,4
2.4698,48.9648,121.92,29,4
2.5581,48.9976,0,30,4
2.5581,48.9976,0,30,4
2.5581,48.9976,0,30,4
2.5581,48.9976,0,30,4
2.5581,48.9976,0,30,4
2.5581,48.9976,0,30,4
2.5581,48.9976,0,30,4
2.5581,48.9976,0,30,4
2.5581,48.9976,0,30,4
2.5581,48.9976,0,30,4
2.5581,48.9976,0,30,4
2.5581,48.9976,0,30,4
2.5581,48.9976,0,30,4
2.5581,48.9976,0,30,4
2.5581,48.9976,0,30,4
2.5581,48.9976,0,30,4
2.5581,48.9976,0,30,4
2.5581,48.9976,0,30,4
2.5581,48.9976,0,30,4
2.5581,48.9976,0,30,4
2.5581,48.9974,0,30,4
2.5581,48.9971,0,30,4
2.5582,48.9968,0,30,4
2.5582,48.9962,0,30,4
2.5583,48.996,0,30,4
2.5587,48.996,0,30,4
2.5587,48.996,-68.58,30,4
2.5587,48.996,0,30,4
2.5587,48.996,0,30,4
2.5587,48.996,0,30,4
2.5587,48.996,0,30,4
2.5587,48.996,0,30,4
2.5587,48.996,-68.58,30,4
2.5587,48.996,-68.58,30,4
2.5587,48.996,0,30,4
2.5587,48.996,0,30,4
2.4798,49.0223,137.16,31,4
2.4518,48.9815,335.28,32,4
2.4697,48.9822,266.7,32,4
2.4783,48.9825,236.22,32,4
2.4873,48.9831,205.74,32,4
2.4957,48.9834,167.64,32,4
2.5047,48.9838,137.16,32,4
2.5123,48.9839,106.68,32,4
2.5123,48.9839,106.68,32,4
2.5295,48.9846,45.72,32,4
2.5457,48.9853,-15.24,32,4
2.5529,48.9856,-45.72,32,4
2.5627,48.986,-76.2,32,4
2.5899,48.9905,0,32,4
2.5899,48.9905,0,32,4
2.5899,48.9905,0,32,4
2.5902,48.9932,-68.58,32,4
2.5931,48.9932,0,32,4
2.5931,48.9932,0,32,4
2.5931,48.9932,0,32,4
2.5931,48.9932,0,32,4
2.5931,48.9932,0,32,4
2.5931,48.9932,0,32,4
2.5931,48.9932,0,32,4
2.5931,48.9932,0,32,4
2.5931,48.9932,0,32,4
2.5931,48.9932,0,32,4
2.5931,48.9932,0,32,4
2.5931,48.9932,0,32,4
2.4294,48.9855,480.06,33,4
2.4473,48.9865,403.86,33,4
2.4578,48.9871,365.76,33,4
2.469,48.9877,320.04,33,4
2.4759,48.9881,289.56,33,4
2.5687,49.0004,0,33,4
2.4941,48.9891,228.6,33,4
2.4941,48.9891,228.6,33,4
2.5011,48.9894,198.12,33,4
2.5225,48.9906,114.3,33,4
2.5311,48.9911,83.82,33,4
2.54,48.9915,45.72,33,4
2.5469,48.9919,22.86,33,4
2.5469,48.9919,-15.24,33,4
2.5605,48.9926,-38.1,33,4
2.5605,48.9926,-38.1,33,4
2.5787,48.9936,-83.82,33,4
2.5838,48.9939,-76.2,33,4
2.5838,48.9939,-76.2,33,4
2.59,48.9942,0,33,4
2.59,48.9942,0,33,4
2.5933,48.9949,0,33,4
2.5936,48.995,0,33,4
2.5948,48.9953,-76.2,33,4
2.5954,48.9955,0,33,4
2.5963,48.9958,0,33,4
2.5967,48.9959,0,33,4
2.5968,48.996,0,33,4
2.5969,48.9964,0,33,4
2.5969,48.9968,-68.58,33,4
2.5969,48.9968,-76.2,33,4
2.5969,48.9968,-76.2,33,4
2.5969,48.9968,-76.2,33,4
2.5969,48.9968,-76.2,33,4
2.5965,49.0002,0,33,4
2.5965,49.0002,0,33,4
2.5967,49.0018,1348.74,34,4
2.5971,49.0019,-76.2,34,4
2.5971,49.0019,0,34,4
2.5971,49.0019,0,35,4
2.5527,49.0092,0,36,4
2.5519,49.0109,0,36,4
2.5519,49.0109,0,36,4
2.5519,49.0109,0,36,4
2.5519,49.0109,0,36,4
2.5519,49.0109,0,36,4
2.5519,49.0109,0,36,4
2.5519,49.0109,0,36,4
2.5519,49.0109,0,36,4
2.5519,49.0109,0,36,4
2.5519,49.0109,0,36,4
2.5519,49.0109,0,36,4
2.5519,49.0109,0,36,4
2.5519,49.0109,0,36,4
2.5519,49.0109,0,36,4
2.5519,49.0109,0,36,4
2.5519,49.0109,0,36,4
2.5519,49.0109,0,36,4
2.5519,49.0109,0,36,4
2.5519,49.0109,0,36,4
2.5519,49.0109,0,36,4
2.5519,49.0109,0,36,4
2.5519,49.0109,0,36,4
2.5519,49.0109,0,36,4
2.5519,49.0109,0,36,4
2.5527,49.0205,0,36,4
2.5527,49.0205,0,36,4
2.5541,49.0206,0,36,4
2.5541,49.0206,0,36,4
2.5541,49.0206,0,36,4
2.5541,49.0206,0,36,4
2.5541,49.0206,0,36,4
2.5569,49.0207,0,36,4
2.5569,49.0207,0,36,4
2.5569,49.0207,0,36,4
2.5569,49.0207,0,36,4
2.5569,49.0207,0,36,4
2.5569,49.0207,0,36,4
2.5569,49.0207,0,36,4
2.5569,49.0207,0,36,4
2.5569,49.0207,0,36,4
2.5569,49.0207,0,36,4
2.5569,49.0207,0,36,4
2.5569,49.0207,0,36,4
2.5569,49.0207,0,36,4
2.5569,49.0207,0,36,4
2.5569,49.0207,0,36,4
2.5569,49.0207,0,36,4
2.5569,49.0207,0,36,4
2.5569,49.0207,0,36,4
2.5569,49.0207,0,36,4
2.5569,49.0207,0,36,4
2.5569,49.0207,0,36,4
2.5569,49.0207,0,36,4
2.5569,49.0207,0,36,4
2.5569,49.0207,0,36,4
2.5569,49.0207,0,36,4
2.5569,49.0207,0,36,4
2.5569,49.0207,0,36,4
2.5569,49.0207,0,36,4
2.5569,49.0207,0,36,4
2.5569,49.0207,0,36,4
2.5618,49.021,0,36,4
2.5618,49.021,0,36,4
2.5618,49.021,0,36,4
2.5618,49.021,0,36,4
2.5618,49.021,0,36,4
2.5618,49.021,0,36,4
2.5618,49.021,0,36,4
2.5618,49.021,0,36,4
2.5618,49.021,0,36,4
2.5618,49.021,0,36,4
2.5618,49.021,0,36,4
2.5618,49.021,0,36,4
2.5618,49.021,0,36,4
2.5618,49.021,0,36,4
2.5618,49.021,0,36,4
2.5618,49.021,0,36,4
2.5618,49.021,0,36,4
2.5618,49.021,0,36,4
2.5618,49.021,0,36,4
2.5618,49.021,0,36,4
2.5618,49.021,0,36,4
2.5618,49.021,0,36,4
2.5618,49.021,0,36,4
2.5618,49.021,0,36,4
2.5618,49.021,0,36,4
2.5618,49.021,0,36,4
2.5618,49.021,0,36,4
2.5618,49.021,0,36,4
2.5618,49.021,0,36,4
2.5618,49.021,0,36,4
2.5618,49.021,0,36,4
2.5618,49.021,0,36,4
2.5618,49.021,0,36,4
2.5618,49.021,0,36,4
2.5621,49.021,0,36,4
2.5621,49.021,0,36,4
2.5621,49.021,0,36,4
2.5621,49.021,0,36,4
2.5621,49.021,0,36,4
2.5621,49.021,0,36,4
2.5621,49.021,0,36,4
2.5621,49.021,0,36,4
2.5621,49.021,0,36,4
2.5621,49.021,0,36,4
2.5621,49.021,0,36,4
2.5621,49.021,0,36,4
2.5621,49.021,0,36,4
2.5621,49.021,0,36,4
2.5621,49.021,0,36,4
2.5624,49.0212,0,36,4
2.5624,49.0212,0,36,4
2.5624,49.0212,0,36,4
2.5624,49.0212,0,36,4
2.5624,49.0212,0,36,4
2.5624,49.0212,0,36,4
2.5624,49.0212,0,36,4
2.5624,49.0212,0,36,4
2.5624,49.0212,0,36,4
2.3916,49.0173,472.44,37,4
2.4117,49.0184,396.24,37,4
2.4181,49.0188,365.76,37,4
2.4314,49.0196,312.42,37,4
2.4392,49.0202,289.56,37,4
2.4473,49.0206,251.46,37,4
2.4562,49.021,220.98,37,4
2.4562,49.021,220.98,37,4
2.466,49.0216,182.88,37,4
2.4816,49.0223,121.92,37,4
2.4859,49.0226,99.06,37,4
2.4859,49.0226,53.34,37,4
2.5024,49.0235,38.1,37,4
2.5125,49.0241,0,37,4
2.5144,49.0242,-7.62,37,4
2.5219,49.0246,-45.72,37,4
2.5306,49.025,0,37,4
2.5391,49.0255,0,37,4
2.5391,49.0255,-53.34,37,4
2.5391,49.0255,-53.34,37,4
2.5471,49.0259,0,37,4
2.5471,49.0259,0,37,4
2.5471,49.0259,0,37,4
2.5471,49.0259,0,37,4
2.5471,49.0259,0,37,4
2.5471,49.0259,-53.34,37,4
2.5508,49.026,0,37,4
2.5508,49.026,0,37,4
2.5519,49.0259,0,37,4
2.5519,49.0259,0,37,4
2.5519,49.0259,0,37,4
2.5519,49.0259,0,37,4
2.5519,49.0259,0,37,4
2.5519,49.0259,0,37,4
2.5519,49.0259,0,37,4
2.5519,49.0259,0,37,4
2.3037,49.0126,830.58,38,4
2.325,49.0137,746.76,38,4
2.3354,49.0143,701.04,38,4
2.3473,49.015,655.32,38,4
2.3596,49.0157,609.6,38,4
2.3706,49.0163,563.88,38,4
2.3809,49.0169,525.78,38,4
2.3942,49.0176,472.44,38,4
2.4054,49.0182,426.72,38,4
2.4239,49.0192,350.52,38,4
2.4369,49.02,297.18,38,4
2.4503,49.0207,251.46,38,4
2.4612,49.0212,205.74,38,4
2.4716,49.0218,167.64,38,4
2.4804,49.0223,129.54,38,4
2.4898,49.0228,91.44,38,4
2.4982,49.0233,60.96,38,4
2.504,49.0236,30.48,38,4
2.523,49.0246,-45.72,38,4
2.5316,49.0251,-53.34,38,4
2.5316,49.0251,-53.34,38,4
2.5316,49.0251,-53.34,38,4
2.5316,49.0251,-53.34,38,4
2.5316,49.0251,-53.34,38,4
2.5316,49.0251,-53.34,38,4
2.5316,49.0251,-53.34,38,4
2.5316,49.0251,-53.34,38,4
2.5316,49.0251,-53.34,38,4
2.5316,49.0251,-53.34,38,4
2.5316,49.0251,-53.34,38,4
2.5316,49.0251,-53.34,38,4
2.5316,49.0251,-53.34,38,4
2.5316,49.0251,-53.34,38,4
2.5822,49.0016,0,39,4
2.5822,49.0016,0,39,4
2.5822,49.0016,0,39,4
2.5822,49.0016,0,39,4
2.5822,49.0016,0,39,4
2.5506,49.0261,-53.34,40,4
2.5506,49.0261,-53.34,40,4
2.5506,49.0261,-53.34,40,4
2.5506,49.0261,-53.34,40,4
2.5506,49.0261,-53.34,40,4
2.5506,49.0261,-53.34,40,4
2.5506,49.0261,-53.34,40,4
2.5506,49.0261,-53.34,40,4
2.5506,49.0261,-53.34,40,4
2.5563,49.0226,0,40,4
2.5564,49.0223,0,40,4
2.5564,49.0218,0,40,4
2.5565,49.0216,0,40,4
2.5565,49.0212,-53.34,40,4
2.5565,49.021,-53.34,40,4
2.5565,49.021,0,40,4
2.5566,49.02,0,40,4
2.5566,49.02,0,40,4
2.5566,49.02,0,40,4
2.5566,49.02,0,40,4
2.5556,49.0188,0,40,4
2.555,49.0188,0,40,4
2.555,49.0188,0,40,4
2.5535,49.0187,0,40,4
2.5527,49.0187,0,40,4
2.5522,49.0187,0,40,4
2.5512,49.0186,0,40,4
2.5512,49.0186,0,40,4
2.5512,49.0186,0,40,4
2.5512,49.0186,0,40,4
2.5512,49.0186,0,40,4
2.5512,49.0186,0,40,4
2.5512,49.0186,0,40,4
2.5512,49.0186,0,40,4
2.5512,49.0186,0,40,4
2.5512,49.0186,0,40,4
2.5474,48.9919,15.24,41,4
2.5496,48.992,-15.24,41,4
2.5496,48.992,-15.24,41,4
2.5496,48.992,-15.24,41,4
2.5496,48.992,-83.82,41,4
2.5496,48.992,-83.82,41,4
2.5946,48.9953,0,41,4
2.5946,48.9953,0,41,4
2.5965,48.9959,0,41,4
2.5968,48.996,0,41,4
2.5968,48.996,0,41,4
2.5968,48.996,0,41,4
2.5968,48.996,0,41,4
2.5968,48.996,0,41,4
2.5968,48.996,0,41,4
2.5968,48.996,0,41,4
2.5968,48.996,0,41,4
2.5968,48.996,0,41,4
2.5968,48.996,0,41,4
2.5968,48.996,0,41,4
2.5968,48.996,0,41,4
2.5968,48.996,0,41,4
2.5968,48.996,0,41,4
2.5968,48.996,0,41,4
2.5968,48.996,0,41,4
2.5968,48.996,0,41,4
2.5968,48.996,0,41,4
2.5968,48.996,0,41,4
2.5968,48.996,0,41,4
2.5968,48.996,0,41,4
2.5968,48.996,0,41,4
2.5968,48.996,0,41,4
2.5968,48.996,0,41,4
2.5968,48.996,0,41,4
2.5573,49.0208,0,42,4
2.5585,49.0208,0,42,4
2.5585,49.0208,0,42,4
2.5593,49.0209,0,42,4
2.5593,49.0209,0,42,4
2.5593,49.0209,0,42,4
2.5593,49.0209,0,42,4
2.5593,49.0209,0,42,4
2.5593,49.0209,0,42,4
2.5628,49.0208,0,42,4
2.5637,49.0203,0,42,4
2.5642,49.0202,0,42,4
2.5648,49.0202,0,42,4
2.5649,49.0203,-45.72,42,4
2.5649,49.0203,0,42,4
2.5669,49.0204,0,42,4
2.5673,49.0204,0,42,4
2.5681,49.0204,0,42,4
2.5681,49.0204,0,42,4
2.5702,49.0205,0,42,4
2.5702,49.0205,0,42,4
2.5702,49.0205,0,42,4
2.5702,49.0205,0,42,4
2.5702,49.0205,0,42,4
2.5702,49.0205,0,42,4
2.5702,49.0205,0,42,4
2.5702,49.0205,0,42,4
2.5702,49.0205,0,42,4
2.5702,49.0205,0,42,4
2.5702,49.0205,0,42,4
2.5702,49.0205,0,42,4
2.5702,49.0205,0,42,4
2.5702,49.0205,0,42,4
2.5702,49.0205,0,42,4
2.5702,49.0205,0,42,4
2.5702,49.0205,0,42,4
2.792,48.9458,2186.94,43,5
2.7778,48.9378,2331.72,44,5
2.7452,48.9218,2606.04,44,5
2.7276,48.9129,2766.06,44,5
2.7114,48.9044,2926.08,44,5
2.6928,48.8947,3055.62,44,5
2.678,48.8867,3162.3,44,5
2.66,48.8771,3223.26,44,5
2.6412,48.867,3268.98,44,5
2.6216,48.8564,3345.18,44,5
2.5858,48.837,3581.4,44,5
2.5659,48.8262,3741.42,44,5
2.5454,48.8151,3909.06,44,5
2.614,49.0255,601.98,45,5
2.6244,49.0262,708.66,45,5
2.6471,49.0277,944.88,45,5
2.6577,49.0284,1013.46,45,5
2.6693,49.029,1082.04,45,5
2.6832,49.0296,1150.62,45,5
2.6964,49.0301,1203.96,45,5
2.7114,49.0307,1249.68,45,5
2.7268,49.0316,1303.02,45,5
2.7446,49.0343,1386.84,45,5
2.7688,49.0507,1668.78,45,5
2.7729,49.0634,1866.9,45,5
2.7714,49.0768,2019.3,45,5
2.7682,49.0883,2141.22,45,5
2.7648,49.1014,2263.14,45,5
2.7628,49.1136,2362.2,45,5
2.7615,49.1267,2468.88,45,5
2.7608,49.1387,2560.32,45,5
2.7605,49.1506,2659.38,45,5
2.76,49.1746,2834.64,45,5
2.5729,49.1821,2339.34,46,5
2.5549,49.181,2270.76,46,5
2.5411,49.1807,2232.66,46,5
2.5275,49.1805,2179.32,46,5
2.512,49.1801,2133.6,46,5
2.512,49.1801,2133.6,46,5
2.493,49.1796,2065.02,46,5
2.4617,49.1789,1973.58,46,5
2.446,49.1785,1920.24,46,5
2.4298,49.1782,1866.9,46,5
2.4149,49.1779,1844.04,46,5
2.4002,49.1776,1836.42,46,5
2.3865,49.1775,1828.8,46,5
2.3708,49.1772,1821.18,46,5
2.3578,49.177,1821.18,46,5
2.3491,49.1769,1821.18,46,5
2.3296,49.1767,1790.7,46,5
2.3162,49.1765,1744.98,46,5
2.3032,49.1764,1691.64,46,5
2.2892,49.1762,1630.68,46,5
2.2764,49.176,1569.72,46,5
2.2604,49.1758,1501.14,46,5
2.2474,49.1756,1440.18,46,5
2.2288,49.1752,1356.36,46,5
2.2153,49.175,1303.02,46,5
2.1982,49.1748,1242.06,46,5
2.1844,49.1746,1196.34,46,5
2.1699,49.1745,1150.62,46,5
2.1561,49.1744,1104.9,46,5
2.1561,49.1744,1104.9,46,5
2.1421,49.1743,1066.8,46,5
2.139,49.1742,1059.18,46,5
2.1336,49.1742,1059.18,46,5
2.1336,49.1742,1059.18,46,5
2.5745,49.0237,266.7,47,5
2.585,49.024,381,47,5
2.5967,49.0246,495.3,47,5
2.6081,49.0252,609.6,47,5
2.6194,49.0258,716.28,47,5
2.6307,49.0265,845.82,47,5
2.6413,49.0271,952.5,47,5
2.6524,49.0277,1036.32,47,5
2.6058,48.9984,152.4,48,5
2.6166,48.9988,304.8,48,5
2.6381,49,525.78,48,5
2.6496,49.0005,632.46,48,5
2.6609,49.0011,739.14,48,5
2.6717,49.0017,861.06,48,5
2.6828,49.0023,967.74,48,5
2.6953,49.0029,1028.7,48,5
2.7073,49.0036,1074.42,48,5
2.7214,49.0044,1127.76,48,5
2.0602,48.9634,1981.2,49,5
2.0737,48.9649,1905,49,5
2.0916,48.9663,1813.56,49,5
2.1211,48.9682,1676.4,49,5
2.137,48.9691,1623.06,49,5
2.1514,48.9699,1569.72,49,5
2.1648,48.9707,1531.62,49,5
2.1757,48.9713,1531.62,49,5
2.1923,48.9723,1432.56,49,5
2.2054,48.973,1363.98,49,5
2.2189,48.9738,1303.02,49,5
2.2311,48.9745,1242.06,49,5
2.2551,48.9758,1150.62,49,5
2.2687,48.9766,1104.9,49,5
2.2807,48.9773,1059.18,49,5
2.2919,48.9779,1021.08,49,5
2.3029,48.9785,975.36,49,5
2.3151,48.9792,1013.46,49,5
2.3269,48.9798,868.68,49,5
2.3485,48.9811,777.24,49,5
2.3607,48.9818,739.14,49,5
2.3723,48.9824,693.42,49,5
2.3842,48.9831,655.32,49,5
2.3946,48.9836,617.22,49,5
2.4062,48.9842,563.88,49,5
2.4175,48.9849,510.54,49,5
2.4302,48.9856,464.82,49,5
2.1805,49.0056,1097.28,50,5
2.1805,49.0056,1097.28,50,5
2.1805,49.0056,1097.28,50,5
2.1805,49.0056,1097.28,50,5
2.1805,49.0056,1097.28,50,5
2.1805,49.0056,1097.28,50,5
2.1805,49.0056,1097.28,50,5
2.1805,49.0056,1097.28,50,5
2.1805,49.0056,1097.28,50,5
2.1805,49.0056,1097.28,50,5
2.1805,49.0056,1097.28,50,5
2.1805,49.0056,1097.28,50,5
2.0763,49.1213,1516.38,51,5
2.0599,49.1175,1417.32,51,5
2.0612,48.9993,1051.56,51,5
2.0802,48.9994,1051.56,51,5
2.0881,48.9998,1051.56,51,5
2.0994,49.0006,1051.56,51,5
2.1082,49.0012,1051.56,51,5
2.1195,49.002,1051.56,51,5
2.1297,49.0027,1051.56,51,5
2.141,49.0034,1051.56,51,5
2.1591,49.0044,1051.56,51,5
2.1693,49.005,1051.56,51,5
2.1783,49.0056,1051.56,51,5
2.1896,49.0061,1051.56,51,5
2.1964,49.0065,1051.56,51,5
2.2078,49.0072,1051.56,51,5
2.2089,49.0073,1051.56,51,5
2.2249,49.0082,1051.56,51,5
2.0875,48.9667,1348.74,52,5
2.5971,49.0019,0,52,5
2.1147,48.9681,1356.36,52,5
2.1248,48.9685,1348.74,52,5
2.1371,48.9692,1356.36,52,5
2.1498,48.9699,1356.36,52,5
2.1498,48.9699,1356.36,52,5
2.1609,48.9705,1356.36,52,5
2.1609,48.9705,1356.36,52,5
2.1673,48.9709,1348.74,52,5
2.1673,48.9709,1348.74,52,5
2.24,48.975,1203.96,52,5
2.24,48.975,1203.96,52,5
2.24,48.975,1203.96,52,5
2.24,48.975,1203.96,52,5
2.24,48.975,1203.96,52,5
2.24,48.975,1203.96,52,5
2.24,48.975,1203.96,52,5
2.24,48.975,1203.96,52,5
2.24,48.975,1203.96,52,5
2.24,48.975,1203.96,52,5
2.24,48.975,1203.96,52,5
2.24,48.975,1203.96,52,5
2.24,48.975,1203.96,52,5
2.24,48.975,1203.96,52,5
2.24,48.975,1203.96,52,5
2.24,48.975,1203.96,52,5
2.24,48.975,1203.96,52,5
2.24,48.975,1203.96,52,5
2.24,48.975,1203.96,52,5
2.24,48.975,1203.96,52,5
2.24,48.975,1203.96,52,5
2.24,48.975,1203.96,52,5
2.24,48.975,1203.96,52,5
2.2922,49.0119,868.68,53,5
2.6022,48.9979,205.74,54,6
2.6212,48.9986,480.06,54,6
2.6316,48.999,617.22,54,6
2.6434,48.9995,762,54,6
2.6532,49.0001,899.16,54,6
2.6636,49.0007,1005.84,54,6
2.6744,49.0013,1082.04,54,6
2.6864,49.002,1150.62,54,6
2.6991,49.0028,1196.34,54,6
2.7105,49.0035,1257.3,54,6
2.7395,49.0052,1447.8,54,6
2.7546,49.0061,1531.62,54,6
2.7681,49.0068,1638.3,54,6
2.7859,49.0079,1790.7,54,6
2.8019,49.0081,1965.96,54,6
2.82,49.0065,2148.84,54,6
2.8374,49.0021,2346.96,54,6
2.8597,48.9885,2636.52,54,6
2.8686,48.9776,2773.68,54,6
2.8736,48.9666,2910.84,54,6
2.8745,48.9532,3070.86,54,6
2.8715,48.9431,3177.54,54,6
2.8662,48.9318,3276.6,54,6
2.8607,48.9213,3360.42,54,6
2.8539,48.9094,3467.1,54,6
2.5854,48.9974,-38.1,55,6
2.6079,48.9982,213.36,55,6
2.6168,48.9985,320.04,55,6
2.6293,48.999,441.96,55,6
2.6399,48.9995,548.64,55,6
2.6523,49.0002,670.56,55,6
2.6633,49.0009,792.48,55,6
2.6633,49.0009,792.48,55,6
2.6852,49.0022,1005.84,55,6
2.7112,49.0037,1104.9,55,6
2.7272,49.0046,1158.24,55,6
2.7419,49.0054,1203.96,55,6
2.7586,49.0061,1264.92,55,6
2.7771,49.0046,1348.74,55,6
2.7936,48.9997,1470.66,55,6
2.808,48.9912,1638.3,55,6
2.8172,48.9803,1805.94,55,6
2.8173,48.9557,2133.6,55,6
2.8068,48.944,2286,55,6
2.7917,48.9352,2407.92,55,6
2.7747,48.9269,2537.46,55,6
2.7581,48.919,2682.24,55,6
2.7412,48.9108,2865.12,55,6
2.7235,48.902,3017.52,55,6
2.7068,48.8936,3131.82,55,6
2.6713,48.8757,3253.74,55,6
2.6528,48.8662,3322.32,55,6
2.6327,48.8559,3421.38,55,6
2.6126,48.8455,3566.16,55,6
2.5941,48.836,3726.18,55,6
2.5754,48.8263,3886.2,55,6
2.5754,48.8263,3886.2,55,6
2.5479,48.8121,4114.8,55,6
2.5678,49.0233,167.64,56,6
2.5791,49.0238,297.18,56,6
2.59,49.0242,411.48,56,6
2.6009,49.0247,525.78,56,6
2.612,49.0252,640.08,56,6
2.6235,49.0257,762,56,6
2.633,49.0264,777.24,56,6
2.6452,49.0273,998.22,56,6
2.6692,49.0286,1150.62,56,6
2.6817,49.0292,1120.14,56,6
2.6958,49.03,1280.16,56,6
2.7122,49.0309,1341.12,56,6
2.7286,49.0318,1417.32,56,6
2.7471,49.0328,1524,56,6
2.7626,49.0336,1645.92,56,6
2.8025,49.0354,2080.26,56,6
2.8219,49.0362,2293.62,56,6
2.8395,49.037,2476.5,56,6
2.8595,49.038,2659.38,56,6
2.8779,49.0389,2804.16,56,6
2.8976,49.0399,2964.18,56,6
2.9163,49.0408,3131.82,56,6
2.9364,49.0413,3268.98,56,6
2.5541,49.0073,0,57,6
2.5541,49.0073,0,57,6
2.5541,49.0073,0,57,6
2.5541,49.0073,0,57,6
2.5541,49.0073,0,57,6
2.5541,49.0073,0,57,6
2.5541,49.0073,0,57,6
2.5541,49.0073,0,57,6
2.5541,49.0073,0,57,6
2.5541,49.0073,0,57,6
2.5541,49.0073,0,57,6
2.5541,49.0073,0,57,6
2.5541,49.0073,0,57,6
2.5526,49.0092,0,57,6
2.5526,49.0092,0,57,6
2.5526,49.0092,0,57,6
2.5526,49.0092,0,57,6
2.5526,49.0092,0,57,6
2.5526,49.0092,0,57,6
2.5526,49.0092,0,57,6
2.5526,49.0092,0,57,6
2.5526,49.0092,0,57,6
2.5526,49.0092,0,57,6
2.5526,49.0092,0,57,6
2.5526,49.0092,0,57,6
2.5526,49.0092,0,57,6
2.5526,49.0092,0,57,6
2.5526,49.0092,0,57,6
2.5526,49.0092,0,57,6
2.5526,49.0092,0,57,6
2.5526,49.0092,0,57,6
2.5526,49.0092,0,57,6
2.5526,49.0092,0,57,6
2.5526,49.0092,0,57,6
2.5526,49.0092,0,57,6
2.5526,49.0092,0,57,6
2.5526,49.0092,0,57,6
2.5526,49.0092,0,57,6
2.5526,49.0092,0,57,6
2.5526,49.0092,0,57,6
2.5526,49.0092,0,57,6
2.5526,49.0092,0,57,6
2.5526,49.0092,0,57,6
2.5526,49.0092,0,57,6
2.5526,49.0092,0,57,6
2.5526,49.0092,0,57,6
2.5526,49.0092,0,57,6
2.6212,49.0258,815.34,57,6
2.6212,49.0258,815.34,57,6
2.6212,49.0258,815.34,57,6
2.6212,49.0258,815.34,57,6
2.6212,49.0258,815.34,57,6
2.6212,49.0258,815.34,57,6
2.6212,49.0258,815.34,57,6
2.6212,49.0258,815.34,57,6
2.6212,49.0258,815.34,57,6
2.8386,49.0375,2636.52,57,6
2.8574,49.0383,2796.54,57,6
2.896,49.0401,3147.06,57,6
2.9171,49.0411,3299.46,57,6
2.9373,49.0417,3383.28,57,6
2.9603,49.0399,3451.86,57,6
2.9819,49.0365,3520.44,57,6
3.0057,49.0324,3596.64,57,6
3.0295,49.0283,3657.6,57,6
3.0559,49.0237,3726.18,57,6
3.1067,49.015,3863.34,57,6
3.134,49.0101,3985.26,57,6
2.5551,49.0073,0,58,6
2.5551,49.0073,0,58,6
2.5551,49.0073,0,58,6
2.5551,49.0073,0,58,6
2.5551,49.0073,0,58,6
2.5535,49.0041,0,58,6
2.5536,49.0037,0,58,6
2.5536,49.0037,0,58,6
2.5536,49.0037,0,58,6
2.5536,49.0037,0,58,6
2.5536,49.0037,0,58,6
2.5536,49.0037,0,58,6
2.5536,49.0037,0,58,6
2.5536,49.0037,0,58,6
2.5536,49.0037,0,58,6
2.5536,49.0037,0,58,6
2.5601,48.9961,0,58,6
2.5676,48.9965,0,58,6
2.5795,48.9971,0,58,6
2.5896,48.9975,53.34,58,6
2.5995,48.9978,175.26,58,6
2.609,48.9979,289.56,58,6
2.6185,48.9981,381,58,6
2.6276,48.9983,480.06,58,6
2.638,48.9986,586.74,58,6
2.6564,48.9995,784.86,58,6
2.6666,49.0002,914.4,58,6
2.6763,49.0009,967.74,58,6
2.6875,49.0018,1021.08,58,6
2.7001,49.0027,1066.8,58,6
2.7123,49.0034,1097.28,58,6
2.7123,49.0034,1097.28,58,6
2.7306,49.0044,1165.86,58,6
2.7421,49.005,1257.3,58,6
2.7646,49.0058,1493.52,58,6
2.7646,49.0058,1493.52,58,6
2.7788,49.0042,1645.92,58,6
2.7788,49.0042,1645.92,58,6
2.7906,49.0001,1798.32,58,6
2.7946,48.9979,1859.28,58,6
2.7946,48.9979,1859.28,58,6
2.7946,48.9979,1859.28,58,6
2.7946,48.9979,1859.28,58,6
2.7946,48.9979,1859.28,58,6
2.7946,48.9979,1859.28,58,6
2.809,48.9786,2225.04,58,6
2.809,48.9786,2225.04,58,6
2.809,48.9786,2225.04,58,6
2.809,48.9786,2225.04,58,6
2.8081,48.9671,2385.06,58,6
2.8081,48.9671,2385.06,58,6
2.8081,48.9671,2385.06,58,6
2.8081,48.9671,2385.06,58,6
2.8081,48.9671,2385.06,58,6
2.8081,48.9671,2385.06,58,6
2.8081,48.9671,2385.06,58,6
2.8081,48.9671,2385.06,58,6
2.8081,48.9671,2385.06,58,6
2.8081,48.9671,2385.06,58,6
2.8081,48.9671,2385.06,58,6
2.8081,48.9671,2385.06,58,6
2.8081,48.9671,2385.06,58,6
2.7754,48.8906,3147.06,58,6
2.7754,48.8906,3147.06,58,6
2.7754,48.8906,3147.06,58,6
2.7738,48.8864,3177.54,58,6
2.7738,48.8864,3177.54,58,6
2.7738,48.8864,3177.54,58,6
2.7738,48.8864,3177.54,58,6
2.7738,48.8864,3177.54,58,6
2.7738,48.8864,3177.54,58,6
2.7738,48.8864,3177.54,58,6
2.7738,48.8864,3177.54,58,6
2.7738,48.8864,3177.54,58,6
2.7738,48.8864,3177.54,58,6
2.7738,48.8864,3177.54,58,6
2.7738,48.8864,3177.54,58,6
2.7702,48.8776,3215.64,58,6
2.7702,48.8776,3215.64,58,6
2.7702,48.8776,3215.64,58,6
2.7702,48.8776,3215.64,58,6
2.7702,48.8776,3215.64,58,6
2.7702,48.8776,3215.64,58,6
2.7702,48.8776,3215.64,58,6
2.7702,48.8776,3215.64,58,6
2.7702,48.8776,3215.64,58,6
2.5566,49.0074,0,59,6
2.5556,49.0073,0,59,6
2.5556,49.0073,0,59,6
2.5556,49.0073,0,59,6
2.5556,49.0073,0,59,6
2.5556,49.0073,0,59,6
2.5556,49.0073,0,59,6
2.5556,49.0073,0,59,6
2.5556,49.0073,0,59,6
2.5556,49.0073,0,59,6
2.5556,49.0073,0,59,6
2.5556,49.0073,0,59,6
2.5556,49.0073,0,59,6
2.5556,49.0073,0,59,6
2.5556,49.0073,0,59,6
2.5556,49.0073,0,59,6
2.5556,49.0073,0,59,6
2.5556,49.0073,0,59,6
2.5556,49.0073,0,59,6
2.5556,49.0073,0,59,6
2.5556,49.0073,0,59,6
2.5556,49.0073,0,59,6
2.5556,49.0073,0,59,6
2.5556,49.0073,0,59,6
2.5556,49.0073,0,59,6
2.5556,49.0073,0,59,6
2.5556,49.0073,0,59,6
2.5556,49.0073,0,59,6
2.5556,49.0073,0,59,6
2.5642,49.0234,152.4,59,6
2.5642,49.0234,152.4,59,6
2.5642,49.0234,152.4,59,6
2.7602,49.1603,2674.62,59,6
2.7602,49.1603,2674.62,59,6
2.7602,49.1603,2674.62,59,6
2.7602,49.1603,2674.62,59,6
2.7602,49.1603,2674.62,59,6
2.7602,49.1603,2674.62,59,6
2.7602,49.1603,2674.62,59,6
2.7602,49.1603,2674.62,59,6
2.7602,49.1603,2674.62,59,6
2.7602,49.1603,2674.62,59,6
2.7602,49.1603,2674.62,59,6
2.7602,49.1603,2674.62,59,6
2.7602,49.1631,2682.24,59,6
2.7602,49.1631,2682.24,59,6
2.7602,49.1631,2682.24,59,6
2.7602,49.1631,2682.24,59,6
2.7602,49.1631,2682.24,59,6
2.7602,49.1631,2682.24,59,6
2.7602,49.1631,2682.24,59,6
2.7602,49.1631,2682.24,59,6
2.7602,49.1631,2682.24,59,6
2.5665,48.9983,0,60,6
2.5665,48.9983,0,60,6
2.5665,48.9983,0,60,6
2.5665,48.9983,0,60,6
2.5665,48.9983,0,60,6
2.5665,48.9983,0,60,6
2.5665,48.9983,0,60,6
2.5665,48.9983,0,60,6
2.5665,48.9983,0,60,6
2.5665,48.9983,0,60,6
2.5665,48.9983,0,60,6
2.5665,48.9983,0,60,6
2.5665,48.9983,0,60,6
2.5665,48.9983,0,60,6
2.5665,48.9983,0,60,6
2.5665,48.9983,0,60,6
2.5665,48.9983,0,60,6
2.5665,48.9983,0,60,6
2.5665,48.9983,0,60,6
2.5665,48.9983,0,60,6
2.5665,48.9983,0,60,6
2.5665,48.9983,0,60,6
2.5665,48.9983,0,60,6
2.5665,48.9983,0,60,6
2.5665,48.9983,0,60,6
2.5665,48.9983,0,60,6
2.5665,48.9983,0,60,6
2.5665,48.9983,0,60,6
2.5665,48.9983,0,60,6
2.5665,48.9983,0,60,6
2.5665,48.9983,0,60,6
2.5665,48.9983,0,60,6
2.5665,48.9983,0,60,6
2.5665,48.9983,0,60,6
2.6156,48.9982,312.42,60,6
2.6156,48.9982,312.42,60,6
2.6156,48.9982,312.42,60,6
2.6898,49.0024,1013.46,60,6
2.6898,49.0024,1013.46,60,6
2.6898,49.0024,1013.46,60,6
2.6898,49.0024,1013.46,60,6
2.6898,49.0024,1013.46,60,6
2.6898,49.0024,1013.46,60,6
2.6898,49.0024,1013.46,60,6
2.6898,49.0024,1013.46,60,6
2.6898,49.0024,1013.46,60,6
2.6898,49.0024,1013.46,60,6
2.6898,49.0024,1013.46,60,6
2.6898,49.0024,1013.46,60,6
2.8359,48.9571,2202.18,60,6
2.8359,48.9571,2202.18,60,6
2.8359,48.9571,2202.18,60,6
2.8359,48.9571,2202.18,60,6
2.8359,48.9571,2202.18,60,6
2.8359,48.9571,2202.18,60,6
2.8359,48.9571,2202.18,60,6
2.8359,48.9571,2202.18,60,6
2.8359,48.9571,2202.18,60,6
2.5849,48.8256,3947.16,60,6
2.5654,48.816,4107.18,60,6
2.5536,49.0071,0,61,6
2.5536,49.0071,0,61,6
2.5536,49.0071,0,61,6
2.5536,49.0071,0,61,6
2.5536,49.0071,0,61,6
2.5536,49.0071,0,61,6
2.5536,49.0071,0,61,6
2.5536,49.0071,0,61,6
2.5536,49.0071,0,61,6
2.5536,49.0071,0,61,6
2.5536,49.0071,0,61,6
2.5536,49.0071,0,61,6
2.5536,49.0071,0,61,6
2.5536,49.0071,0,61,6
2.5536,49.0071,0,61,6
2.5536,49.0071,0,61,6
2.5536,49.0071,0,61,6
2.5536,49.0071,0,61,6
2.5536,49.0071,0,61,6
2.5536,49.0071,0,61,6
2.5536,49.0071,0,61,6
2.5536,49.0071,0,61,6
2.5536,49.0071,0,61,6
2.5536,49.0071,0,61,6
2.8822,49.0395,3185.16,61,6
2.8822,49.0395,3185.16,61,6
2.8822,49.0395,3185.16,61,6
2.579,48.9971,-60.96,62,6
2.5964,48.9979,182.88,62,6
2.6044,48.9983,304.8,62,6
2.6142,48.9987,411.48,62,6
2.6215,48.999,502.92,62,6
2.6297,48.9994,624.84,62,6
2.6388,48.9998,731.52,62,6
2.6388,48.9998,731.52,62,6
2.6506,49.0002,883.92,62,6
2.6699,49.0011,1013.46,62,6
2.6814,49.0016,1074.42,62,6
2.6936,49.0022,1127.76,62,6
2.7069,49.0029,1196.34,62,6
2.7206,49.0037,1264.92,62,6
2.734,49.0045,1371.6,62,6
2.7489,49.0053,1524,62,6
2.7621,49.0061,1699.26,62,6
2.7693,49.0063,1813.56,62,6
2.7883,49.0038,2065.02,62,6
2.7987,48.9997,2232.66,62,6
2.8092,48.9921,2407.92,62,6
2.8147,48.9848,2522.22,62,6
2.8182,48.9763,2606.04,62,6
2.8191,48.965,2682.24,62,6
2.816,48.955,2735.58,62,6
2.8034,48.9418,2857.5,62,6
2.7909,48.9342,2979.42,62,6
2.7753,48.926,3131.82,62,6
2.762,48.9193,3215.64,62,6
2.7455,48.9113,3268.98,62,6
2.7302,48.9039,3322.32,62,6
2.7302,48.9039,3322.32,62,6
2.7119,48.8951,3421.38,62,6
2.7119,48.8951,3421.38,62,6
2.4888,49.0228,99.06,63,6
2.5021,49.0235,30.48,63,6
2.5143,49.0242,0,63,6
2.5228,49.0246,-38.1,63,6
2.5228,49.0246,-68.58,63,6
2.5228,49.0246,4655.82,63,6
2.5228,49.0246,4655.82,63,6
2.5228,49.0246,4655.82,63,6
2.5228,49.0246,4655.82,63,6
2.5228,49.0246,4655.82,63,6
2.5228,49.0246,4655.82,63,6
2.5228,49.0246,4655.82,63,6
2.5228,49.0246,4655.82,63,6
2.5228,49.0246,4655.82,63,6
2.5228,49.0246,4655.82,63,6
2.5228,49.0246,4655.82,63,6
2.5228,49.0246,4655.82,63,6
2.5228,49.0246,4655.82,63,6
2.5228,49.0246,4655.82,63,6
2.5228,49.0246,4655.82,63,6
2.5228,49.0246,4655.82,63,6
2.5228,49.0246,4655.82,63,6
2.5228,49.0246,4655.82,63,6
2.5228,49.0246,4655.82,63,6
2.5228,49.0246,4655.82,63,6
2.5228,49.0246,4655.82,63,6
2.5228,49.0246,4655.82,63,6
2.5228,49.0246,4655.82,63,6
2.5228,49.0246,4655.82,63,6
2.5228,49.0246,4655.82,63,6
2.5228,49.0246,4655.82,63,6
2.5228,49.0246,4655.82,63,6
2.5228,49.0246,4655.82,63,6
2.45,49.0204,5783.58,64,7
2.4672,49.0493,6004.56,64,7
2.4752,49.0628,6111.24,64,7
2.4852,49.0795,6225.54,64,7
2.4928,49.0925,6316.98,64,7
2.5007,49.1058,6408.42,64,7
2.5096,49.1208,6499.86,64,7
2.5096,49.1208,6499.86,64,7
2.5203,49.1389,6614.16,64,7
2.5389,49.1702,6842.76,64,7
2.7322,48.84,11567.16,65,7
2.7904,48.8539,11574.78,65,7
2.8195,48.8608,11574.78,65,7
2.851,48.8683,11574.78,65,7
2.8794,48.875,11567.16,65,7
2.9115,48.8826,11574.78,65,7
2.94,48.8893,11574.78,65,7
2.94,48.8893,11574.78,65,7
2.9993,48.9031,11574.78,65,7
3.058,48.9169,11574.78,65,7
3.0917,48.9248,11574.78,65,7
3.1201,48.9314,11582.4,65,7
2.9979,48.8246,11574.78,66,7
2.9839,48.8417,11574.78,66,7
2.9573,48.8744,11574.78,66,7
2.9417,48.8934,11582.4,66,7
2.9268,48.9115,11582.4,66,7
2.9118,48.9297,11582.4,66,7
2.8986,48.9457,11582.4,66,7
2.8843,48.9629,11582.4,66,7
2.8843,48.9629,11582.4,66,7
2.8667,48.9845,11582.4,66,7
2.8559,48.9975,11582.4,66,7
2.836,49.0216,11582.4,66,7
2.836,49.0216,11582.4,66,7
2.8223,49.038,11582.4,66,7
2.8223,49.038,11582.4,66,7
2.8129,49.0494,11582.4,66,7
2.8065,49.0571,11582.4,66,7
2.8065,49.0571,11582.4,66,7
2.8065,49.0571,11582.4,66,7
2.8065,49.0571,11582.4,66,7
2.8065,49.0571,11582.4,66,7
2.8065,49.0571,11582.4,66,7
2.7783,49.091,11582.4,66,7
2.7783,49.091,11582.4,66,7
2.7783,49.091,11582.4,66,7
2.7783,49.091,11582.4,66,7
2.7631,49.1095,11574.78,66,7
2.7631,49.1095,11574.78,66,7
2.7631,49.1095,11574.78,66,7
2.7631,49.1095,11574.78,66,7
2.7631,49.1095,11574.78,66,7
2.7631,49.1095,11574.78,66,7
2.7631,49.1095,11574.78,66,7
2.7631,49.1095,11574.78,66,7
2.7631,49.1095,11574.78,66,7
2.7631,49.1095,11574.78,66,7
2.7631,49.1095,11574.78,66,7
2.7631,49.1095,11574.78,66,7
2.7631,49.1095,11574.78,66,7
2.0675,48.9639,11582.4,67,7
2.0782,48.9816,11582.4,67,7
2.0912,49.0011,11582.4,67,7
2.1019,49.0195,11582.4,67,7
2.1138,49.0368,11582.4,67,7
2.1382,49.0738,11582.4,67,7
2.1506,49.0933,11582.4,67,7
2.1631,49.1109,11582.4,67,7
2.1757,49.1304,11582.4,67,7
2.1881,49.1481,11582.4,67,7
2.2006,49.1676,11582.4,67,7
2.5636,48.8896,11277.6,68,7
2.554,48.8716,11277.6,68,7
2.5328,48.8316,11277.6,68,7
2.5225,48.812,11277.6,68,7
3.1332,49.0494,11277.6,69,7
3.1098,49.0377,11277.6,69,7
3.0901,49.0276,11277.6,69,7
3.0639,49.0128,11277.6,69,7
3.0442,49.0001,11277.6,69,7
3.0225,48.9846,11277.6,69,7
3.0067,48.9721,11277.6,69,7
2.9897,48.9574,11277.6,69,7
2.9745,48.943,11277.6,69,7
2.9745,48.943,11277.6,69,7
2.9581,48.9275,11277.6,69,7
2.9551,48.9247,11277.6,69,7
2.9487,48.9187,11277.6,69,7
2.9487,48.9187,11277.6,69,7
